order,"product id","product name",quantity,price,subtotal
1724509,3082,"Aluminum Heat Sink for Raspberry Pi 3 or 4   15 x 15 x 15mm",1,1.9500,1.95
1724509,3409,"Raspberry Pi Zero W Basic Pack   Includes Pi Zero W",1,24.5000,24.5
1724509,3708,"Raspberry Pi Zero WH (Zero W with Headers)",1,14.0000,14
1724509,3775,"Raspberry Pi 3   Model B    1.4GHz Cortex A53 with 1GB RAM",1,35.0000,35
1743576,64,"Half Sized Premium Breadboard   400 Tie Points",1,5.0000,5
1743576,154,"Continuous Rotation Servo",1,11.9500,11.95
1743576,759,"Premium Male/Male Jumper Wires   40 x 3"" (75mm)",1,3.9500,3.95
1743576,1008,"Small Alligator Clip Test Lead (set of 12)",1,3.9500,3.95
1743576,1609,"Adafruit Perma Proto Half sized Breadboard PCB   Single",1,4.5000,4.5
1743576,3775,"Raspberry Pi 3   Model B    1.4GHz Cortex A53 with 1GB RAM",1,35.0000,35
2216637,3157,"Raspberry Pi Zero v1.3 Camera Cable",1,5.9500,5.95
2216637,3335,"Pi Supply PaPiRus Zero ePaper/eInk pHAT v1.2",1,34.9500,34.95
3292517,3299,"Black Nylon Machine Screw and Stand off Set – M2.5 Thread",1,16.9500,16.95
3292517,4561,"Raspberry Pi High Quality HQ Camera",1,50.0000,50
3292517,5302,"Adafruit KB2040   RP2040 Kee Boar Driver",1,8.9500,8.95
3292517,5657,"Raspberry Pi Camera Module 3 Standard",1,25.0000,25
3292517,5719,"PCB Coaster with Gold Adafruit Logo",1,2.5000,2.5
3292517,5812,"Raspberry Pi 5   4 GB RAM",1,60.0000,60
3292517,5813,"Raspberry Pi 5   8 GB RAM",1,80.0000,80
3292517,5814,"Official Raspberry Pi 27W PD Power Supply 5.1V 5A with USB C",1,12.0000,12
3292517,5815,"Official Raspberry Pi 5 Active Cooler",1,5.0000,5
3292517,5816,"Official Raspberry Pi Foundation Raspberry Pi 5 Case   Fan",2,10.0000,20
3294519,4562,"16mm 10MP Telephoto Lens for Raspberry Pi HQ Camera",1,50.0000,50
3310939,65,"Tiny Premium Breadboard",1,3.9500,3.95
3310939,67,"9V battery holder with switch &  5.5mm/2.1mm plug",1,3.9500,3.95
3310939,149,"Solder wick   1.5mm wide and 1.5m / 5 feet long",1,3.0000,3
3310939,152,"Flush diagonal cutters",1,7.2500,7.25
3310939,153,"Breadboarding wire bundle",1,4.9500,4.95
3310939,239,"Full Sized Premium Breadboard   830 Tie Points",1,5.9500,5.95
3310939,356,"Breadboard trim potentiometer",1,1.2500,1.25
3310939,373,"Breadboard friendly 2.1mm DC barrel jack",2,0.9500,1.9
3310939,735,"74LVC245   Breadboard Friendly 8 bit Logic Level Shifter",1,1.5000,1.5
3310939,770,"Waterproof 2xAA Battery Holder with On/Off Switch",1,3.9500,3.95
3310939,805,"Breadboard friendly SPDT Slide Switch",1,0.9500,0.95
3310939,1125,"In line power switch for 2.1mm barrel jack",1,2.5000,2.5
3310939,1134,"Breadboard friendly MIDI Jack (5 pin DIN)",1,1.7500,1.75
3310939,1204,"Digital Genuine Hakko FX888DX 010SV (936 upgrade)",1,129.9500,129.95
3310939,1328,"2.1mm DC Barrel Jack to Alligator Clips",1,1.9500,1.95
3310939,1329,"2.1mm DC Barrel Plug to Alligator Clips",1,1.9500,1.95
3310939,1400,"Adafruit Push button Power Switch Breakout",1,5.9500,5.95
3310939,1439,"16mm Illuminated Pushbutton   Red Momentary",1,1.5000,1.5
3310939,1440,"16mm Illuminated Pushbutton   Green Momentary",1,1.5000,1.5
3310939,1442,"16mm Illuminated Pushbutton   Red Latching On/Off Switch",1,1.5000,1.5
3310939,1443,"16mm Illuminated Pushbutton   Green Latching On/Off Switch",1,1.5000,1.5
3310939,1536,"Buzzer 5V   Breadboard friendly",1,0.9500,0.95
3310939,1699,"Breadboard Friendly 3.5mm Stereo Headphone Jack",1,0.9500,0.95
3310939,1886,"Solder Wire   60/40 Rosin Core   0.5mm/0.02"" diameter   50 grams",1,7.9500,7.95
3310939,1898,"Breadboard Friendly PCB Mount Mini Speaker   8 Ohm 0.2W",1,1.8500,1.85
3310939,1930,"Solder Wire   SAC305 RoHS Lead Free   0.5mm/.02"" diameter",1,17.5000,17.5
3310939,3255,"Small Alligator Clip to Male Jumper Wire Bundle   12 Pieces",1,7.9500,7.95
3310939,3333,"Circuit Playground Express",1,24.9500,24.95
3310939,3435,"Adafruit TPL5110 Low Power Timer Breakout",1,4.9500,4.95
3310939,3445,"iFixit Essential Electronics Toolkit",1,29.9900,29.99
3310939,3501,"Adafruit GEMMA M0   Miniature wearable electronic platform",1,9.9500,9.95
3310939,3505,"Adafruit METRO M0 Express   designed for CircuitPython",1,24.9500,24.95
3310939,3536,"Insulated Silicone Rework Mat   34cm x 23cm Work Surface",1,9.9500,9.95
3310939,3804,"Large Clear Practice Padlock",1,7.5000,7.5
3310939,3842,"3 x AA Battery Holder with 2.1mm Plug",1,2.9500,2.95
3310939,3905,"2x2 AA Battery Holder with Premium Jumper Header Wires",1,2.9500,2.95
3310939,4302,"Official Raspberry Pi Micro HDMI to HDMI Cable",1,8.9500,8.95
3310939,4397,"STEMMA QT / Qwiic JST SH 4 pin Cable with Premium Female Sockets",1,0.9500,0.95
3310939,4399,"STEMMA QT / Qwiic JST SH 4 Pin Cable   50mm Long",3,0.9500,2.8499999999999996
3310939,4406,"Solder Wire Holder Stand",1,6.9500,6.95
3310939,4527,"SparkFun STEMMA QT / Qwiic Breadboard Breakout Adapter",1,1.9500,1.95
3310939,4539,"Half Size Breadboard with Mounting Holes",1,5.0000,5
3310939,4563,"6mm 3MP Wide Angle Lens for Raspberry Pi HQ Camera",1,25.0000,25
3310939,4779,"3x AA Battery Holder with On/Off Switch and 2 Pin JST",1,2.9500,2.95
3310939,4826,"Flexible Magnetic Dry Erase Whiteboard    21cm x 15cm",2,2.9500,5.9
3310939,4864,"Raspberry Pi Pico RP2040",1,4.0000,4
3310939,4871,"Breadboard friendly Mini PIR Motion Sensor with 3 Pin Header",1,3.9500,3.95
3310939,4883,"Raspberry Pi Pico RP2040 with Loose Unsoldered Headers",1,5.0000,5
3310939,4888,"Adafruit ItsyBitsy RP2040",1,9.9500,9.95
3310939,5160,"Maker Pi Pico Base   Raspberry Pi Pico Not Included",1,9.9500,9.95
3310939,5253,"Metal Rework Station Stand with Two Clips and Four PCB Holders",1,29.9500,29.95
3310939,5302,"Adafruit KB2040   RP2040 Kee Boar Driver",1,8.9500,8.95
3310939,5422,"Solderless Breadboard for Raspberry Pi Pico by Monk Makes",1,4.9500,4.95
3310939,5525,"Raspberry Pi Pico H   Pico with Headers Soldered",1,5.0000,5
3310939,5544,"Raspberry Pi Pico WH   Pico Wireless with Headers Soldered",2,7.0000,14
3310939,5625,"Adafruit Qwiic / Stemma QT 5 Port Hub",1,2.5000,2.5
3310939,5719,"PCB Coaster with Gold Adafruit Logo",1,2.5000,2.5
3310939,5743,"Adafruit Mini I2C Gamepad with seesaw   STEMMA QT / Qwiic",2,7.5000,15
3310939,5813,"Raspberry Pi 5   8 GB RAM",1,80.0000,80
3310939,5815,"Official Raspberry Pi 5 Active Cooler",1,5.0000,5
3310939,5939,"Adafruit Infrared IR Remote Receiver   STEMMA JST PH 2mm",1,4.9500,4.95
3310939,5970,"Adafruit TSMP96000 ""Code Learning"" Infrared IR Receiver Breakout",1,5.9500,5.95
3321562,259,"USB LiIon/LiPoly charger",1,12.5000,12.5
3321562,261,"JST PH 2 Pin Cable   Female Connector 100mm",1,0.7500,0.75
3321562,368,"Female DC Power adapter   2.1mm jack to screw terminal block",1,2.0000,2
3321562,421,"Fine tip straight tweezers   ESD safe",1,3.9500,3.95
3321562,422,"Fine tip curved tweezers   ESD safe",1,3.9500,3.95
3321562,432,"Small Modular Snap Boxes   SMD component storage   3 pack",1,2.9500,2.95
3321562,433,"Medium Modular Snap Boxes   SMD component storage   2 pack",1,2.9500,2.95
3321562,434,"Large Modular Snap Box   SMD component storage",1,1.9500,1.95
3321562,527,"Hakko Professional Quality 20 30 AWG Wire Strippers",1,17.5000,17.5
3321562,805,"Breadboard friendly SPDT Slide Switch",1,0.9500,0.95
3321562,848,"Diffused RGB (tri color) 10mm LED (10 pack)",1,9.9500,9.95
3321562,903,"Small Plastic Project Enclosure   Weatherproof with Clear Top",1,9.9500,9.95
3321562,935,"MCP4725 Breakout Board   12 Bit DAC with I2C Interface",1,4.9500,4.95
3321562,938,"Monochrome 1.3"" 128x64 OLED graphic display   STEMMA QT / Qwiic",1,19.9500,19.95
3321562,1009,"Colorful Round Tactile Button Switch Assortment   15 pack",2,5.9500,11.9
3321562,1119,"Tactile Switch Buttons (12mm square, 6mm tall) x 10 pack",1,2.5000,2.5
3321562,1311,"Hook up Wire Spool Set   22AWG Solid Core   6 x 25 ft",1,15.9500,15.95
3321562,1426,"NeoPixel Stick   8 x 5050 RGB LED with Integrated Drivers",1,5.9500,5.95
3321562,1461,"Adafruit NeoPixel Digital RGB LED Strip   Black 60 LED 4m",1,99.8000,99.8
3321562,1463,"NeoPixel Ring   16 x 5050 RGB LED with Integrated Drivers",1,9.9500,9.95
3321562,1554,"Adafruit PCB Ruler v2   6""",2,4.9500,9.9
3321562,1597,"Engineer Professional Silicone Tip Solder Sucker",1,17.5000,17.5
3321562,1641,"1N4148 Signal Diode   10 pack",1,1.5000,1.5
3321562,1643,"NeoPixel Ring   12 x 5050 RGB LED with Integrated Drivers",1,7.5000,7.5
3321562,1683,"On Off Power Button / Pushbutton Toggle Switch",1,1.9500,1.95
3321562,1713,"Electret Microphone Amplifier   MAX9814 with Auto Gain Control",1,7.9500,7.95
3321562,1893,"MPL3115A2   I2C Barometric Pressure/Altitude/Temperature Sensor",1,9.9500,9.95
3321562,1905,"Adafruit Mini Lipo w/Mini B USB Jack   USB LiIon/LiPoly charger",1,6.9500,6.95
3321562,2029,"Assembled Pi Cobbler Plus   Breakout Cable",1,6.9500,6.95
3321562,2034,"Digital Multimeter   Model 9205B ",1,17.5000,17.5
3321562,2130,"Adafruit Mono 2.5W Class D Audio Amplifier   PAM8302",1,3.9500,3.95
3321562,2263,"Adafruit GPIO Reference Card for Raspberry Pi Model B /Pi 2/Pi 3",1,2.5000,2.5
3321562,2652,"Adafruit BME280 I2C or SPI Temperature Humidity Pressure Sensor",1,14.9500,14.95
3321562,2750,"Lithium Ion Polymer Battery   3.7V 350mAh",1,6.9500,6.95
3321562,2759,"NeoPixel RGBW LEDs w/ Integrated Driver Chip   Cool White",1,5.9500,5.95
3321562,2783,"Through Hole Resistors   4.7K ohm 5% 1/4W   Pack of 25",1,0.7500,0.75
3321562,2786,"Through Hole Resistors   47K ohm 5% 1/4W   Pack of 25",1,0.7500,0.75
3321562,2787,"Through Hole Resistors   100K ohm 5% 1/4W   Pack of 25",1,0.9500,0.95
3321562,2886,"Header Kit for Feather   12 pin and 16 pin Female Header Set",1,0.9500,0.95
3321562,3317,"Adafruit VL53L0X Time of Flight Distance Sensor   ~30 to 1000mm",1,14.9500,14.95
3321562,3333,"Circuit Playground Express",1,24.9500,24.95
3321562,3595,"Adafruit APDS9960 Proximity, Light, RGB, and Gesture Sensor",1,7.5000,7.5
3321562,3803,"64x32 Flexible RGB LED Matrix   5mm Pitch",1,79.9500,79.95
3321562,3893,"STEMMA JST PH 2mm 3 Pin to Male Header Cable   200mm",1,1.2500,1.25
3321562,3950,"JST PH 2mm 4 Pin to Female Socket Cable   I2C STEMMA Cable",1,1.5000,1.5
3321562,3955,"JST PH 2mm 4 Pin to Male Header Cable   I2C STEMMA Cable   200mm",1,1.5000,1.5
3321562,4022,"Adafruit Wide Range Triple axis Magnetometer   MLX90393",1,9.9500,9.95
3321562,4026,"Adafruit STEMMA Soil Sensor   I2C Capacitive Moisture Sensor",1,7.5000,7.5
3321562,4029,"JST PH 2mm 4 pin Plug to Color Coded Alligator Clips Cable",1,2.5000,2.5
3321562,4045,"JST PH 2mm 4 Pin Socket to Color Coded Cable   200mm",1,0.9500,0.95
3321562,4097,"ADXL343   Triple Axis Accelerometer (  2g/4g/8g/16g) w/ I2C/SPI",1,5.9500,5.95
3321562,4147,"Adafruit ADXL343   ADT7410 Sensor FeatherWing",1,11.9500,11.95
3321562,4183,"Soft Silicone Top 6mm Push buttons (20 pack)",1,2.5000,2.5
3321562,4203,"Diffused 5mm LED Pack   5 LEDs each in 5 Colors   25 Pack",1,4.9500,4.95
3321562,4209,"STEMMA QT / Qwiic JST SH 4 pin to Premium Male Headers Cable",10,0.8600,8.6
3321562,4210,"STEMMA QT / Qwiic JST SH 4 pin Cable   100mm Long",1,0.9500,0.95
3321562,4286,"Adafruit DS3502 I2C Digital 10K Potentiometer Breakout",1,4.9500,4.95
3321562,4293,"Through Hole Resistors   100 ohm 5% 1/4W   Pack of 25",1,0.7500,0.75
3321562,4294,"Through Hole Resistors   1.0K ohm 5% 1/4W   Pack of 25",1,0.7500,0.75
3321562,4354,"Adafruit Perma Proto 40 Pin Raspberry Pi Breadboard PCB Kit",1,7.9500,7.95
3321562,4366,"Adafruit TLV493D Triple Axis Magnetometer   STEMMA QT / Qwiic",1,5.9500,5.95
3321562,4393,"Adafruit Mini PiTFT   135x240 Color TFT Add on for Raspberry Pi",1,9.9500,9.95
3321562,4398,"JST SH 4 pin Cable with Alligator Clips   STEMMA QT / Qwiic",1,2.9500,2.95
3321562,4424,"4 pin JST PH to JST SH Cable   STEMMA to QT / Qwiic",2,0.9500,1.9
3321562,4438,"Adafruit LSM6DSOX 6 DoF Accelerometer and Gyroscope",1,11.9500,11.95
3321562,4463,"SparkFun Qwiic or Stemma QT SHIM for Raspberry Pi / SBC",1,2.5000,2.5
3321562,4515,"SparkFun Qwiic / Stemma QT FeatherWing (Shield for Thing Plus)",1,5.9500,5.95
3321562,4527,"SparkFun STEMMA QT / Qwiic Breadboard Breakout Adapter",5,1.9500,9.75
3321562,4528,"Grove to STEMMA QT / Qwiic / JST SH Cable",10,1.7600,17.6
3321562,4557,"DIN Rail Mount Bracket for Raspberry Pi / BeagleBone / Arduino",1,19.9500,19.95
3321562,4681,"Adafruit BH1750 Light Sensor   STEMMA QT / Qwiic",1,4.5000,4.5
3321562,4688,"SparkFun Qwiic / STEMMA QT HAT for Raspberry Pi",1,7.9500,7.95
3321562,4742,"Ultrasonic Distance Sensor with I2C Interface   RCWL 1601",1,3.9500,3.95
3321562,4884,"Adafruit Feather RP2040",1,11.9500,11.95
3321562,4898,"Get Started with MicroPython on Raspberry Pi Pico",1,13.9500,13.95
3321562,4900,"Adafruit QT Py RP2040",1,9.9500,9.95
3321562,4901,"Adafruit GPIO Reference Card for Raspberry Pi Pico",1,0.5000,0.5
3321562,5096,"Terminal Block Breakout Module Board for Raspberry Pi Pico",1,24.9500,24.95
3321562,5302,"Adafruit KB2040   RP2040 Kee Boar Driver",1,8.9500,8.95
3321562,5384,"STEMMA QT / Qwiic JST SH 4 Pin Cable   300mm long",2,1.2500,2.5
3321562,5587,"Monk Makes Plant Monitor   Capacitive Moisture Meter",1,9.9500,9.95
3321562,5699,"Raspberry Pi Debug Probe Kit for Pico and RP2040",1,12.0000,12
3321562,5719,"PCB Coaster with Gold Adafruit Logo",1,2.5000,2.5
3321562,5766,"Adafruit NeoDriver   I2C to NeoPixel Driver Board   Stemma QT",2,7.5000,15
3321562,5913,"Adafruit STEMMA Reflective Photo Interrupt Sensor   TCRT1000",1,4.9500,4.95
3381479,954,"USB to TTL Serial Cable   Debug / Console Cable for Raspberry Pi",1,9.9500,9.95
3381479,3720,"Solar Digital Calipers",1,14.9500,14.95
3381479,5699,"Raspberry Pi Debug Probe Kit for Pico and RP2040",1,12.0000,12
3466919,1304,"Adafruit Micro Lipo   USB LiIon/LiPoly charger",1,5.9500,5.95
3466919,1466,"5V 4A (4000mA) switching power supply   UL Listed",1,14.9500,14.95
3466919,1578,"Lithium Ion Polymer Battery   3.7v 500mAh",1,7.9500,7.95
3466919,2238,"Adafruit DotStar Digital LED Strip   White 30 LED   Per Meter 5m",1,99.7500,99.75
3466919,2578,"Adafruit DotStar Digital LED Strip   Black 30 LED   Per Meter 1m",1,19.9500,19.95
3466919,3064,"JST 2 pin Extension Cable with On/Off Switch   JST PH2",1,2.9500,2.95
3466919,4880,"Adjustable Power Supply with 2.1mm / 5.5mm DC   3V to 12V at 5A",1,17.5000,17.5
3466919,5302,"Adafruit KB2040   RP2040 Kee Boar Driver",1,8.9500,8.95
3466919,5719,"PCB Coaster with Gold Adafruit Logo",1,2.5000,2.5
3467441,2842,"Adafruit NeoPixel Digital RGBW LED Strip   White PCB 60 LED/m 4m",1,107.8000,107.8
3467441,2848,"Adafruit NeoPixel Digital RGBW LED Strip   Black PCB 144 LED/m",1,59.9500,59.95
3467441,2962,"Adafruit Mini Skinny NeoPixel Digital RGB LED Strip 2m",1,49.9000,49.9
3467441,5302,"Adafruit KB2040   RP2040 Kee Boar Driver",1,8.9500,8.95
3467441,5719,"PCB Coaster with Gold Adafruit Logo",1,2.5000,2.5
3512290,258,"Lithium Ion Polymer Battery   3.7v 1200mAh",1,9.9500,9.95
3512290,727,"3 x AAA Battery Holder with On/Off Switch and 2 Pin JST",5,1.9500,9.75
3512290,1304,"Adafruit Micro Lipo   USB LiIon/LiPoly charger",1,5.9500,5.95
3512290,3333,"Circuit Playground Express",3,24.9500,74.85
3512290,5719,"PCB Coaster with Gold Adafruit Logo",1,2.5000,2.5
3703471,737,"Power Distribution Bus   7 x 6mm diameter solid brass",2,1.9500,3.9
3703471,1612,"NeoPixel Mini Button PCB   Pack of 5",1,4.9500,4.95
3703471,3093,"Adafruit CRICKIT for Circuit Playground Express",1,29.9500,29.95
3703471,3872,"5V Electromagnet   2.5 Kg Holding Force",4,7.5000,30
3703471,4209,"STEMMA QT / Qwiic JST SH 4 pin to Premium Male Headers Cable",2,0.9500,1.9
3703471,4397,"STEMMA QT / Qwiic JST SH 4 pin Cable with Premium Female Sockets",1,0.9500,0.95
3703471,4399,"STEMMA QT / Qwiic JST SH 4 Pin Cable   50mm Long",5,0.9500,4.75
3703471,4401,"STEMMA QT / Qwiic JST SH 4 Pin Cable   200mm Long",3,1.2500,3.75
3703471,5384,"STEMMA QT / Qwiic JST SH 4 Pin Cable   300mm long",3,1.2500,3.75
3703471,5614,"Snap Action 3 to 9 Wiring Block Connector",2,2.9500,5.9
3703471,5616,"Snap Action 1 to 5 Wiring Block Connector",2,1.9500,3.9
3703471,5618,"Snap Action 3 to 3 Wiring Block Connector",2,1.9500,3.9
3703471,5650,"Adafruit Feather RP2040 SCORPIO   8 Channel NeoPixel Driver",1,14.5000,14.5
3703471,5719,"PCB Coaster with Gold Adafruit Logo",1,2.5000,2.5
3709292,261,"JST PH 2 Pin Cable   Female Connector 100mm",2,0.7500,1.5
3709292,324,"Stepper motor   NEMA 17 size   200 steps/rev, 12V 350mA",4,14.0000,56
3709292,424,"Precision screwdriver set (6 pieces)",1,7.9500,7.95
3709292,640,"Stainless Thin Conductive Thread   2 ply   23 meter/76 ft",1,6.9500,6.95
3709292,1199,"10 pin IDC Socket Rainbow Breakout Cable",1,3.9500,3.95
3709292,1663,"3 pin JST SM Plug   Receptacle Cable Set",1,1.5000,1.5
3709292,1675,"10 pin 2x5 Socket Socket 1.27mm IDC (SWD) Cable   150mm long",1,2.9500,2.95
3709292,2890,"FeatherWing Doubler   Prototyping Add on For All Feather Boards",1,7.5000,7.5
3709292,2927,"DC Motor   Stepper FeatherWing Add on For All Feather Boards",2,19.9500,39.9
3709292,2928,"8 Channel PWM or Servo FeatherWing Add on For All Feather Boards",2,9.9500,19.9
3709292,2941,"DC Motor in Micro Servo Body",4,3.5000,14
3709292,3190,"Adafruit DRV8871 DC Motor Driver Breakout Board   3.6A Max",1,7.5000,7.5
3709292,3243,"Assembled DC Motor   Stepper FeatherWing Add on",2,21.5000,43
3709292,3297,"Adafruit DRV8833 DC/Stepper Motor Driver Breakout Board",2,5.9500,11.9
3709292,3377,"Adafruit LED Sequins   Multicolor Pack of 5",1,3.9500,3.95
3709292,3417,"FeatherWing Tripler Mini Kit   Prototyping Add on For Feathers",1,8.5000,8.5
3709292,3766,"Orange and Clear TT Motor Wheel for TT DC Gearbox Motor",2,1.5000,3
3709292,3810,"DC Gearbox ""TT"" Motor to LEGO® compatible Cross Axle",4,3.9500,15.8
3709292,3814,"JST PH 2 Pin Cable – Male Header 200mm",2,0.7500,1.5
3709292,3815,"LEGO compatible Brick Bracket for DC Gearbox ""TT"" Motor",4,1.5000,6
3709292,4252,"Plastic Micro Servo Adapter for LEGO Cross   16mm long",4,0.7500,3
3709292,4261,"USB C Jack to USB C Jack Round Panel Mount Adapter",1,7.5000,7.5
3709292,4411,"Mini Stepper Motor   200 Steps   20x30mm NEMA 8 Size",2,19.9500,39.9
3709292,4424,"4 pin JST PH to JST SH Cable   STEMMA to QT / Qwiic",2,0.9500,1.9
3709292,4528,"Grove to STEMMA QT / Qwiic / JST SH Cable",2,1.9500,3.9
3709292,5244,"Grove Cable Pigtail   2mm pitch 100mm long",2,0.9500,1.9
3709292,5302,"Adafruit KB2040   RP2040 Kee Boar Driver",1,8.9500,8.95
3709292,5384,"STEMMA QT / Qwiic JST SH 4 Pin Cable   300mm long",5,1.2500,6.25
3709292,5719,"PCB Coaster with Gold Adafruit Logo",1,2.5000,2.5
3709292,5906,"Adafruit Proto Doubler PiCowbell for Pico and PicoW",1,7.5000,7.5
3709292,6043,"Horizontal Micro Servo Mount for LEGO Compatible Brick Systems",4,1.7500,7
3709292,6044,"Vertical Micro Servo Mount for LEGO Compatible Brick Systems",4,1.9500,7.8
3709292,6054,"Adafruit Feather Mount for LEGO Compatible Brick Systems",2,1.5000,3
3709292,6069,"USB C Small Round Panel Mount Extension Cable",1,4.5000,4.5
3709292,6153,"USB Type C Screw Panel Mount to 6 pin JST PH Cable",2,2.9500,5.9
3709292,6399,"FeatherS3[D] ESP32 S3 by Unexpected Maker",1,24.9500,24.95
